-- -----------------------------Add package-----------------------------------------------
INSERT INTO `xms_tbl_shipment_type_package` (`shipment_type_id`, `packageid`, `default_content_type`, `allow_dox_addpiece`, `allow_wpx_addpiece`, `allow_dox`, `allow_wpx`, `allow_custom_value`) VALUES ('228', '3', 'WPX', '0', '1', '0', '1', '0');
INSERT INTO `xms_tbl_shipment_type_package` (`shipment_type_id`, `packageid`, `default_content_type`, `allow_dox_addpiece`, `allow_wpx_addpiece`, `allow_dox`, `allow_wpx`, `allow_custom_value`) VALUES ('229', '3', 'WPX', '0', '1', '0', '1', '0');
INSERT INTO `xms_tbl_shipment_type_package` (`shipment_type_id`, `packageid`, `default_content_type`, `allow_dox_addpiece`, `allow_wpx_addpiece`, `allow_dox`, `allow_wpx`, `allow_custom_value`) VALUES ('230', '3', 'WPX', '0', '1', '0', '1', '0');
INSERT INTO `xms_tbl_shipment_type_package` (`shipment_type_id`, `packageid`, `default_content_type`, `allow_dox_addpiece`, `allow_wpx_addpiece`, `allow_dox`, `allow_wpx`, `allow_custom_value`) VALUES ('231', '3', 'WPX', '0', '1', '0', '1', '0');
INSERT INTO `xms_tbl_shipment_type_package` (`shipment_type_id`, `packageid`, `default_content_type`, `allow_dox_addpiece`, `allow_wpx_addpiece`, `allow_dox`, `allow_wpx`, `allow_custom_value`) VALUES ('232', '3', 'WPX', '0', '1', '0', '1', '0');
INSERT INTO `xms_tbl_shipment_type_package` (`shipment_type_id`, `packageid`, `default_content_type`, `allow_dox_addpiece`, `allow_wpx_addpiece`, `allow_dox`, `allow_wpx`, `allow_custom_value`) VALUES ('233', '3', 'WPX', '0', '1', '0', '1', '0');
INSERT INTO `xms_tbl_shipment_type_package` (`shipment_type_id`, `packageid`, `default_content_type`, `allow_dox_addpiece`, `allow_wpx_addpiece`, `allow_dox`, `allow_wpx`, `allow_custom_value`) VALUES ('234', '3', 'WPX', '0', '1', '0', '1', '0');
INSERT INTO `xms_tbl_shipment_type_package` (`shipment_type_id`, `packageid`, `default_content_type`, `allow_dox_addpiece`, `allow_wpx_addpiece`, `allow_dox`, `allow_wpx`, `allow_custom_value`) VALUES ('235', '3', 'WPX', '0', '1', '0', '1', '0');

-- -----------------------------Add config-----------------------------------------------
INSERT INTO `xms_tbl_service_add_con` (`add_con_name`, `add_con_type`, `add_con_code`, `shipment_type_id`) VALUES ('Dangerous Goods', 'checkbox', 'dangerousgoods', '228');
INSERT INTO `xms_tbl_service_add_con_details` (`add_con_detail_name`, `add_con_detail_type`, `add_con_detail_code`, `add_con_id`) VALUES ('UN Number (4Digits)', 'text', 'unnumber', (SELECT add_con_id FROM xms_tbl_service_add_con WHERE add_con_name = 'Dangerous Goods' AND shipment_type_id = 228));
INSERT INTO `xms_tbl_service_add_con_details` (`add_con_detail_name`, `add_con_detail_type`, `add_con_detail_list_value`, `add_con_detail_code`, `add_con_id`) VALUES ('Packaging Group', 'list', '1,2,3,4', 'packinggroup', (SELECT add_con_id FROM xms_tbl_service_add_con WHERE add_con_name = 'Dangerous Goods' AND shipment_type_id = 228));
INSERT INTO `xms_tbl_service_add_con_details` (`add_con_detail_name`, `add_con_detail_type`, `add_con_detail_code`, `add_con_id`) VALUES ('I have a MSDS(Material Safety Data Sheet). Dangerous Goods attracts an additional surcharge.', 'checkbox', 'msda', (SELECT add_con_id FROM xms_tbl_service_add_con WHERE add_con_name = 'Dangerous Goods' AND shipment_type_id = 228));
INSERT INTO `xms_tbl_service_add_con` (`add_con_name`, `add_con_type`, `add_con_code`, `shipment_type_id`) VALUES ('Authorized to Leave (ATL)', 'checkbox', 'atl', '228');

INSERT INTO `xms_tbl_service_add_con` (`add_con_name`, `add_con_type`, `add_con_code`, `shipment_type_id`) VALUES ('Dangerous Goods', 'checkbox', 'dangerousgoods', '229');
INSERT INTO `xms_tbl_service_add_con_details` (`add_con_detail_name`, `add_con_detail_type`, `add_con_detail_code`, `add_con_id`) VALUES ('UN Number (4Digits)', 'text', 'unnumber', (SELECT add_con_id FROM xms_tbl_service_add_con WHERE add_con_name = 'Dangerous Goods' AND shipment_type_id = 229));
INSERT INTO `xms_tbl_service_add_con_details` (`add_con_detail_name`, `add_con_detail_type`, `add_con_detail_list_value`, `add_con_detail_code`, `add_con_id`) VALUES ('Packaging Group', 'list', '1,2,3,4', 'packinggroup', (SELECT add_con_id FROM xms_tbl_service_add_con WHERE add_con_name = 'Dangerous Goods' AND shipment_type_id = 229));
INSERT INTO `xms_tbl_service_add_con_details` (`add_con_detail_name`, `add_con_detail_type`, `add_con_detail_code`, `add_con_id`) VALUES ('I have a MSDS(Material Safety Data Sheet). Dangerous Goods attracts an additional surcharge.', 'checkbox', 'msda', (SELECT add_con_id FROM xms_tbl_service_add_con WHERE add_con_name = 'Dangerous Goods' AND shipment_type_id = 229));
INSERT INTO `xms_tbl_service_add_con` (`add_con_name`, `add_con_type`, `add_con_code`, `shipment_type_id`) VALUES ('Authorized to Leave (ATL)', 'checkbox', 'atl', '229');

INSERT INTO `xms_tbl_service_add_con` (`add_con_name`, `add_con_type`, `add_con_code`, `shipment_type_id`) VALUES ('Dangerous Goods', 'checkbox', 'dangerousgoods', '230');
INSERT INTO `xms_tbl_service_add_con_details` (`add_con_detail_name`, `add_con_detail_type`, `add_con_detail_code`, `add_con_id`) VALUES ('UN Number (4Digits)', 'text', 'unnumber', (SELECT add_con_id FROM xms_tbl_service_add_con WHERE add_con_name = 'Dangerous Goods' AND shipment_type_id = 230));
INSERT INTO `xms_tbl_service_add_con_details` (`add_con_detail_name`, `add_con_detail_type`, `add_con_detail_list_value`, `add_con_detail_code`, `add_con_id`) VALUES ('Packaging Group', 'list', '1,2,3,4', 'packinggroup', (SELECT add_con_id FROM xms_tbl_service_add_con WHERE add_con_name = 'Dangerous Goods' AND shipment_type_id = 230));
INSERT INTO `xms_tbl_service_add_con_details` (`add_con_detail_name`, `add_con_detail_type`, `add_con_detail_code`, `add_con_id`) VALUES ('I have a MSDS(Material Safety Data Sheet). Dangerous Goods attracts an additional surcharge.', 'checkbox', 'msda', (SELECT add_con_id FROM xms_tbl_service_add_con WHERE add_con_name = 'Dangerous Goods' AND shipment_type_id = 230));
INSERT INTO `xms_tbl_service_add_con` (`add_con_name`, `add_con_type`, `add_con_code`, `shipment_type_id`) VALUES ('Authorized to Leave (ATL)', 'checkbox', 'atl', '230');

INSERT INTO `xms_tbl_service_add_con` (`add_con_name`, `add_con_type`, `add_con_code`, `shipment_type_id`) VALUES ('Dangerous Goods', 'checkbox', 'dangerousgoods', '231');
INSERT INTO `xms_tbl_service_add_con_details` (`add_con_detail_name`, `add_con_detail_type`, `add_con_detail_code`, `add_con_id`) VALUES ('UN Number (4Digits)', 'text', 'unnumber', (SELECT add_con_id FROM xms_tbl_service_add_con WHERE add_con_name = 'Dangerous Goods' AND shipment_type_id = 231));
INSERT INTO `xms_tbl_service_add_con_details` (`add_con_detail_name`, `add_con_detail_type`, `add_con_detail_list_value`, `add_con_detail_code`, `add_con_id`) VALUES ('Packaging Group', 'list', '1,2,3,4', 'packinggroup', (SELECT add_con_id FROM xms_tbl_service_add_con WHERE add_con_name = 'Dangerous Goods' AND shipment_type_id = 231));
INSERT INTO `xms_tbl_service_add_con_details` (`add_con_detail_name`, `add_con_detail_type`, `add_con_detail_code`, `add_con_id`) VALUES ('I have a MSDS(Material Safety Data Sheet). Dangerous Goods attracts an additional surcharge.', 'checkbox', 'msda', (SELECT add_con_id FROM xms_tbl_service_add_con WHERE add_con_name = 'Dangerous Goods' AND shipment_type_id = 231));
INSERT INTO `xms_tbl_service_add_con` (`add_con_name`, `add_con_type`, `add_con_code`, `shipment_type_id`) VALUES ('Authorized to Leave (ATL)', 'checkbox', 'atl', '231');

INSERT INTO `xms_tbl_service_add_con` (`add_con_name`, `add_con_type`, `add_con_code`, `shipment_type_id`) VALUES ('Dangerous Goods', 'checkbox', 'dangerousgoods', '232');
INSERT INTO `xms_tbl_service_add_con_details` (`add_con_detail_name`, `add_con_detail_type`, `add_con_detail_code`, `add_con_id`) VALUES ('UN Number (4Digits)', 'text', 'unnumber', (SELECT add_con_id FROM xms_tbl_service_add_con WHERE add_con_name = 'Dangerous Goods' AND shipment_type_id = 232));
INSERT INTO `xms_tbl_service_add_con_details` (`add_con_detail_name`, `add_con_detail_type`, `add_con_detail_list_value`, `add_con_detail_code`, `add_con_id`) VALUES ('Packaging Group', 'list', '1,2,3,4', 'packinggroup', (SELECT add_con_id FROM xms_tbl_service_add_con WHERE add_con_name = 'Dangerous Goods' AND shipment_type_id = 232));
INSERT INTO `xms_tbl_service_add_con_details` (`add_con_detail_name`, `add_con_detail_type`, `add_con_detail_code`, `add_con_id`) VALUES ('I have a MSDS(Material Safety Data Sheet). Dangerous Goods attracts an additional surcharge.', 'checkbox', 'msda', (SELECT add_con_id FROM xms_tbl_service_add_con WHERE add_con_name = 'Dangerous Goods' AND shipment_type_id = 232));
INSERT INTO `xms_tbl_service_add_con` (`add_con_name`, `add_con_type`, `add_con_code`, `shipment_type_id`) VALUES ('Authorized to Leave (ATL)', 'checkbox', 'atl', '232');

INSERT INTO `xms_tbl_service_add_con` (`add_con_name`, `add_con_type`, `add_con_code`, `shipment_type_id`) VALUES ('Dangerous Goods', 'checkbox', 'dangerousgoods', '233');
INSERT INTO `xms_tbl_service_add_con_details` (`add_con_detail_name`, `add_con_detail_type`, `add_con_detail_code`, `add_con_id`) VALUES ('UN Number (4Digits)', 'text', 'unnumber', (SELECT add_con_id FROM xms_tbl_service_add_con WHERE add_con_name = 'Dangerous Goods' AND shipment_type_id = 233));
INSERT INTO `xms_tbl_service_add_con_details` (`add_con_detail_name`, `add_con_detail_type`, `add_con_detail_list_value`, `add_con_detail_code`, `add_con_id`) VALUES ('Packaging Group', 'list', '1,2,3,4', 'packinggroup', (SELECT add_con_id FROM xms_tbl_service_add_con WHERE add_con_name = 'Dangerous Goods' AND shipment_type_id = 233));
INSERT INTO `xms_tbl_service_add_con_details` (`add_con_detail_name`, `add_con_detail_type`, `add_con_detail_code`, `add_con_id`) VALUES ('I have a MSDS(Material Safety Data Sheet). Dangerous Goods attracts an additional surcharge.', 'checkbox', 'msda', (SELECT add_con_id FROM xms_tbl_service_add_con WHERE add_con_name = 'Dangerous Goods' AND shipment_type_id = 233));
INSERT INTO `xms_tbl_service_add_con` (`add_con_name`, `add_con_type`, `add_con_code`, `shipment_type_id`) VALUES ('Authorized to Leave (ATL)', 'checkbox', 'atl', '233');

INSERT INTO `xms_tbl_service_add_con` (`add_con_name`, `add_con_type`, `add_con_code`, `shipment_type_id`) VALUES ('Dangerous Goods', 'checkbox', 'dangerousgoods', '234');
INSERT INTO `xms_tbl_service_add_con_details` (`add_con_detail_name`, `add_con_detail_type`, `add_con_detail_code`, `add_con_id`) VALUES ('UN Number (4Digits)', 'text', 'unnumber', (SELECT add_con_id FROM xms_tbl_service_add_con WHERE add_con_name = 'Dangerous Goods' AND shipment_type_id = 234));
INSERT INTO `xms_tbl_service_add_con_details` (`add_con_detail_name`, `add_con_detail_type`, `add_con_detail_list_value`, `add_con_detail_code`, `add_con_id`) VALUES ('Packaging Group', 'list', '1,2,3,4', 'packinggroup', (SELECT add_con_id FROM xms_tbl_service_add_con WHERE add_con_name = 'Dangerous Goods' AND shipment_type_id = 234));
INSERT INTO `xms_tbl_service_add_con_details` (`add_con_detail_name`, `add_con_detail_type`, `add_con_detail_code`, `add_con_id`) VALUES ('I have a MSDS(Material Safety Data Sheet). Dangerous Goods attracts an additional surcharge.', 'checkbox', 'msda', (SELECT add_con_id FROM xms_tbl_service_add_con WHERE add_con_name = 'Dangerous Goods' AND shipment_type_id = 234));
INSERT INTO `xms_tbl_service_add_con` (`add_con_name`, `add_con_type`, `add_con_code`, `shipment_type_id`) VALUES ('Authorized to Leave (ATL)', 'checkbox', 'atl', '234');

INSERT INTO `xms_tbl_service_add_con` (`add_con_name`, `add_con_type`, `add_con_code`, `shipment_type_id`) VALUES ('Dangerous Goods', 'checkbox', 'dangerousgoods', '235');
INSERT INTO `xms_tbl_service_add_con_details` (`add_con_detail_name`, `add_con_detail_type`, `add_con_detail_code`, `add_con_id`) VALUES ('UN Number (4Digits)', 'text', 'unnumber', (SELECT add_con_id FROM xms_tbl_service_add_con WHERE add_con_name = 'Dangerous Goods' AND shipment_type_id = 235));
INSERT INTO `xms_tbl_service_add_con_details` (`add_con_detail_name`, `add_con_detail_type`, `add_con_detail_list_value`, `add_con_detail_code`, `add_con_id`) VALUES ('Packaging Group', 'list', '1,2,3,4', 'packinggroup', (SELECT add_con_id FROM xms_tbl_service_add_con WHERE add_con_name = 'Dangerous Goods' AND shipment_type_id = 235));
INSERT INTO `xms_tbl_service_add_con_details` (`add_con_detail_name`, `add_con_detail_type`, `add_con_detail_code`, `add_con_id`) VALUES ('I have a MSDS(Material Safety Data Sheet). Dangerous Goods attracts an additional surcharge.', 'checkbox', 'msda', (SELECT add_con_id FROM xms_tbl_service_add_con WHERE add_con_name = 'Dangerous Goods' AND shipment_type_id = 235));
INSERT INTO `xms_tbl_service_add_con` (`add_con_name`, `add_con_type`, `add_con_code`, `shipment_type_id`) VALUES ('Authorized to Leave (ATL)', 'checkbox', 'atl', '235');


